x,y
214.98279057984195,762.6903632435094
1222.0393903625825,229.56212316547953
792.6961393471055,404.5419583098643
1042.5487563564207,709.8510160219619
150.17533883877582,25.512728869805677
1337.2241662717915,389.490361114548
1219.6481319327072,1.8954480159996234
712.6195104876823,649.3860291067043
366.0195540327242,850.7436259985301
1442.2839321783738,27.53098473019818
40.71337758953728,487.2712255141469
1502.638660445617,343.08381391939116
346.5590354089814,379.9049180244456
46.46526011978871,199.52249964573156
700.6201498409152,446.2310172436656
372.9351204121162,207.77988738688586
350.04965974030176,413.64311916396025
463.6505833447769,19.340734739317988
1340.1247610601165,500.8088903871901
1027.670980691913,167.31563930524592
1588.0694594817041,773.9518759157609
193.42393568929026,299.4256668241162
1154.3750521332295,640.0725927257516
1498.3049388791353,379.89629996527367
1328.0571092389232,603.2750097726639
485.3896174926682,528.8225455292035
1411.9664013309723,761.5776765854815
808.4541129273607,530.1020321842965
55.24132824214654,218.4659761887609
1275.8467960868845,372.8825993706969
276.8118425264815,493.9188852493377
1124.8652193050104,607.0372474520946
599.5248328026245,395.0654670401068
813.4823811999709,700.5983535001312
833.5014681810324,353.92958546780346
783.5096327396132,26.61746757021636
69.5796645704439,633.0438797434524
1573.1003476954784,533.8653573420518
629.7594982046623,153.31427717011314
803.581693493573,883.8689737846809
1232.8370237292809,485.6557036048009
1376.4636462728793,208.95851525671313
822.0346611002192,857.2206494414426
924.471692481925,413.2185587196015
430.847163906274,493.196678519624
1531.386050336363,5.138216505353633
1253.8483721846237,738.4373207329337
1417.8873293216132,666.4530706498767
1294.6238413959672,466.81045517070186
898.1725836454065,383.48161171933515
89.79727603318466,783.0091396589759
911.9989342022084,179.85547815942877
807.5527478861814,436.43260100496076
570.8639432719291,311.47012711633937
861.5660731805509,561.1405075177546
979.923943652361,412.332120089752
44.75997453414777,206.64452814932153
283.5380143017323,526.0147837005971
1377.6141773653198,718.5950465196835
1275.356100216794,734.7936335046218
408.4704641396895,757.5703490466864
1076.9816407019314,74.9107240235081
26.705008184895362,13.103977432331082
1208.9388404035171,224.60330308808054
175.181803670975,562.3218757372287
551.0765825543918,62.56384067776259
255.400839510156,474.64235914321154
269.0319139558852,245.62299313681208
1138.5438834964366,409.2314670410975
515.2028262197215,426.393912753251
37.8153242111793,347.9013942853229
673.4698867345214,169.23537427618163
174.01870791266134,809.8366503204181
816.1855694858822,188.1818932965931
969.0378240544264,735.3357015400982
33.30897361485974,16.078068745015795
234.3387846389536,646.9519254856109
256.3641482075274,634.1450650668023
1085.081272443116,490.231947221014
352.9595968362825,878.035066036095
1276.4973723298417,464.93956525445367
357.1132483946732,583.6557762893307
631.8368157732793,518.261366509251
513.9932949522004,567.8530751442122
94.05618593038608,268.745354660712
1548.6452962414226,787.9808198116433
490.2185925331935,772.6629657209033
496.58180376501446,845.3595889217543
1190.1473898673937,374.55503648852294
403.77296364773656,7.632236217301958
1405.9486371341545,34.12487753872252
1311.0625769804756,865.9810126627362
912.4489123922883,154.36538565994675
1388.4497030959894,876.3977125437225
1126.4370277281141,457.98637147010146
604.7501349497729,312.2377961063595
329.21881167152753,606.7377128221777
692.720193760506,174.70678048667065
167.0787565464245,599.3617754508143
473.7162769330425,449.81993001312145
520.5530478015941,784.4593566811997
1439.4852314156499,16.283685276424563
321.36481830521507,294.96663458664074
1579.2795486848418,704.430338156438
542.553036561494,191.72681674273238
1079.1281115580211,753.9309631385679
1491.4999550298037,309.4648333117378
1411.8291239463417,618.3991639382916
775.1979561799905,886.957406843218
375.42469579366156,652.9186676171452
135.48836866637473,152.72472761494882
1457.5804536129085,191.67137549228175
1214.5858923463043,540.1879471190247
1345.811513129368,331.2971994650842
544.4563760031808,262.0937586700212
1387.8717177390445,543.5842760025402
1526.891931475504,798.5385942452665
216.55356383272473,496.05342666229484
166.83999682338174,35.224018737219524
117.10947013175766,779.5515216299149
1260.9863179603622,745.6553743222022
545.4359425865334,553.667429303133
1251.0457626124075,340.23566595454867
913.2504409584373,201.34266547389228
130.78921976382992,240.0512786835627
1425.2290045684886,508.00214991617764
1480.1075233735571,411.9923331371208
443.4924257723173,708.3131972042959
1324.4290506331674,11.143570037999961
1072.6586224382895,82.51481035486601
184.16399748468368,796.5540633416949
64.0376590242635,215.67002838075837
1581.0535977696522,378.91222868724054
184.89308894763727,150.64509371519858
386.2724561565489,669.6057748833075
164.53463357809568,819.6879764514
605.2436328707618,873.2376328753895
1454.756365041138,264.621226453693
405.45621766580274,429.30908637504103
160.20663032072324,586.8451795404756
63.39234146192716,9.455536366805061
1572.1338024807415,265.994874044026
954.5130291015062,404.86008116708797
501.2493777102847,56.668311042880795
1461.4272274655048,872.831949154304
1551.674407194352,100.22607911420272
344.3092320577575,556.0261920104001
1567.9246174241232,488.621877736244
1101.1036928763401,595.6509859878144
414.537586965832,487.442036621669
491.71378850002156,221.743076476583
130.19002461406046,252.70805120820793
1573.4027475510438,403.112016479966
1043.216855220273,579.1194722428575
1505.1752355984,351.43069602503084
490.85487176242174,294.51727321841986
506.77623501696337,762.4212892435935
1429.6003928345617,272.52839670526464
534.933449041219,489.80287276396575
926.3766981073342,536.3662860009039
392.1568062323978,18.33662560162712
390.01487972466526,65.0947804842698
881.9276078648096,63.82473078558101
120.20766760723677,571.8438842067515
465.314480671033,712.9662820940631
789.2176684002206,776.3840800017384
246.68735386055047,451.28662735202397
1271.9735899936384,69.3962876375245
1518.764718356698,155.91789753444323
1241.934372777497,886.4062840296652
1314.4802315896231,287.8056025137051
171.0043753304957,462.9224259497243
1470.9711027371006,264.14054493360095
1430.0140763132638,127.51258232402543
1456.7706790283746,28.583951307602995
505.7098844174126,812.7794553427012
1286.170049574355,816.4383902971175
1345.1496355947804,671.56639686407
1103.3522868804234,160.33937907989124
692.2208015619791,142.1072493769445
1143.719123150098,601.0008657169878
404.13825247021344,57.972774012895165
1541.4174133145211,727.4273655351569
878.8318902280307,487.2398867864826
1362.0682661302078,407.97870985999606
633.1367115532279,304.80223040555296
412.7505479548347,21.967652542593786
1034.302150400155,375.0154940685689
912.965810524356,56.08946772316894
567.9095098980733,124.45570255958809
200.2064244567846,233.20167202424523
1326.295009576253,358.01758175838546
641.7314430734422,551.2004306936451
373.64744527335995,6.729455737920819
845.9227838187411,450.80965760150394
1038.1433477453652,394.48526007754424
1098.421009053121,658.2797542449647
381.3994802592381,445.56502564440984
766.1230201308693,202.5558765348903
659.5938126677453,504.36669103919013
1451.1032072093572,825.9359254544
440.3605815452785,581.7736580783297
77.11574937824608,64.39624940510737
818.7067347203305,789.6816710518383
255.14836921252967,689.4250729175809
1412.8153110008743,280.6218286517721
1108.0911433645033,764.0920102379176
594.5829291961038,631.1543966170278
1178.268986520509,535.1200243568113
1370.0434222608076,806.9439340047139
1536.1261071437746,514.1094247957909
282.0414323303606,225.53586798964136
348.1899016105329,512.5656146380148
1212.4001834662988,46.919899027967794
1090.618328971949,645.4379370307597
556.7704127308923,463.55022386400765
263.6770432498798,656.9065354382988
65.13389973847819,883.098952333343
1292.7099735162726,565.6036517839267
428.04199143537875,821.5766010831887
1535.1021406033144,125.21354311932387
1241.211600505145,757.7377726891714
1055.5477701023722,630.3669897750575
712.0939713832186,831.8770223624352
1553.9320451140502,344.11798153815704
1284.338449280571,389.62943224248266
263.60674989323803,292.9205491715376
202.128119735748,817.9962839124341
1535.07852807063,107.26805916528737
961.0865298992936,367.40168793772483
188.94404960286266,265.9279633306353
397.14619372903695,674.619130070781
6.4143295264734945,170.85483353977529
702.0369121918991,18.931205777284134
1004.0425416599687,545.0647847206537
1336.5317614125822,185.9452341166662
455.6505816985421,488.1054876774737
437.161115540691,527.164275062663
401.41156712001464,615.1744373273616
1265.7451493888032,727.7891581474266
1557.785775279755,490.83930344328195
785.294847726423,770.1279298187793
1230.5078173750069,513.4901664483317
613.2102156260221,255.6427011602033
173.02273397466888,726.7941804359524
188.91444884906488,672.5387112192392
872.4593436290336,868.4507959076951
1217.7050557651016,876.1678061220484
218.55042070369208,450.3343264486979
916.1252594647275,280.12631158122616
804.8519811303961,321.13688724301136
845.4303541623096,0.7602461540005656
707.7029313798862,404.596929365333
487.6787011539381,359.46247283688655
1252.9396978751854,615.0715955665225
787.6786126267357,582.9014176579648
604.0931389616209,183.52264539301177
6.201052604089163,249.85912644847969
957.0627179418576,793.4966397636265
1327.073999981648,459.8641870840738
1579.2290320790833,415.422876482823
1335.3495778669412,368.06880715287406
1191.4089883819706,888.8325221004135
488.5385477887619,153.28154269195585
992.0539339642573,477.8605623366311
575.0752511762464,3.1673178873461105
622.6602265756869,383.2825248932941
648.4033147813104,775.1207780797954
935.0848433314111,660.447713207851
1436.6546746193767,673.8961172176238
788.323283048075,671.1915062581617
1024.568640792422,583.8708911970064
1007.4805739018478,366.29907748964354
1006.8192500601409,570.3592598510648
1499.3887352623642,704.2263168337406
1354.028906561745,690.749811128315
1304.521379185646,544.9161552571898
559.1201414186938,238.1249324863227
1132.8320433037272,786.5478673318713
870.7948124846082,136.86297026175018
1332.7604563158852,436.08877102032085
747.3642052450948,40.849253861147325
816.4494764641533,670.2728989092454
676.1564978331838,319.6595822296963
1050.949662238163,17.76724865827616
811.4617551594263,851.5143859793576
1104.7161471015625,361.7313554314913
1102.2531780695388,544.4945273843628
334.2230263721083,186.93749765686815
1417.6404635184458,242.1622891850676
119.81564401620659,747.6098315366045
837.116428122341,331.38734937565744
818.430275412213,663.0531195161352
269.6857726201564,587.7602984128728
1141.4991974397456,733.5030995355401
431.6170138818213,548.699697597775
371.3822053975955,504.94020625758225
275.7807550862312,710.790862393153
1386.7485834407994,296.6792042884757
355.70969890078936,867.4095753502488
1130.7045012024337,759.4133600201918
48.85515989985567,809.4539804874968
995.9232974362186,284.87623881696067
690.824996627853,685.4336941509234
1256.6591294895584,170.91078136328903
1001.4184085407682,149.06657475194189
1556.8797299760172,399.2189006752507
1461.0320083252543,655.4230603081141
970.0158470329733,235.7856282103983
842.5477166478131,124.75776747328719
220.95678918206937,644.1747896120938
577.7436293335181,676.2386803379685
384.7897662620181,646.3423280832934
1149.5630822348437,274.9462929472595
170.21669420742623,357.3070696684207
787.7784005237379,89.9767932280059
298.81801658845734,49.80874753393242
956.0217144880703,799.9885110347245
346.4924655353949,31.24209228913777
1126.2777510706926,733.4195029107166
1542.5945387742236,551.8610611413318
547.9090650430342,754.0817562275901
188.9073683409956,623.373244370664
152.3693588026184,359.73517231565893
792.0366102434862,340.1048457291069
269.7561260871675,208.54558134200474
1312.239995999831,416.3182243132409
927.8923915576158,190.71631585454355
1143.8960940584532,297.10553323253725
949.7897399776652,818.538356516234
1591.0294542175814,41.59615348183097
1275.9083390859055,771.8290428247942
511.31909953152893,344.83286338390593
928.406015482133,826.9562078736413
639.885749340867,792.0271518960706
1213.696845126681,137.04577173560295
1461.8878725821587,13.662947330956154
232.28520007499966,598.3300915980187
91.39149862222791,341.54089710676516
207.96617364309355,416.60034646793054
1343.9685500073617,815.4759162142675
56.75142451501607,54.766581001978096
1344.9984565845161,38.53330493005035
437.74442411415197,105.69304592355283
145.66033113135006,24.860600752352457
1020.020820263764,670.152841145871
1098.834202493882,761.0604947264036
1060.8259015979095,350.7317349078095
1009.7008379456181,872.6353275318328
1026.565332837204,218.78256068291714
96.29455313593152,841.6493997660857
944.7927972707336,314.6532683493679
968.5643994576494,504.2318364571261
835.4748364584731,54.72417782651101
565.1640838018157,371.3850206455958
318.9893449741408,792.0947081056563
678.591643809327,596.1470988622003
1141.6743191134333,668.9547542452548
1153.7844654603177,676.9876514751895
402.52911064122276,878.763309023607
241.61560605417608,826.7826555893708
1367.3100403321007,766.9478620619709
84.49800774005425,82.09627509950953
1300.889283571715,422.25014381866913
592.405105820681,886.2187250064217
64.18869646342404,478.31854842504436
709.3596418411314,115.38281072580988
632.3012204575798,636.8826643294517
1411.704974723853,22.15774031700907
839.2152937649425,81.33893553173257
1280.6295314480558,77.2067514930341
54.70931362742135,345.8125818695597
1172.1698792100801,281.8860237427028
208.00783944487603,715.1149998766546
1291.071011032296,770.2738188953149
485.991157222491,382.3473249170762
392.6239908068055,501.4597437148555
528.1714668635965,304.7970023631164
1253.7942694555784,860.6665440362001
934.6245107788136,94.21913710796183
1044.1198922953768,403.75054606327217
1580.8488912421008,647.4433456331881
1335.6577704115343,631.1576341693908
856.9904092582268,807.1365526453128
1330.5873035328143,262.1932988528961
251.25103235213987,333.3166819089254
833.7242761161372,87.64208084756586
552.6068583293766,517.4150977907819
69.71938968296207,733.4538088669466
1041.7872730932447,282.28515443078726
477.31357000826955,317.3545267090384
520.4619139282288,673.6623992628779
801.6909719540042,473.5155575698434
238.01039835346654,822.9762021759536
520.9166858757337,294.8080071493908
110.15382351653287,881.4704235766161
767.5165468948143,821.5962635558013
1484.1875879959734,872.7769288605075
1305.0068603704203,832.8989026721814
1475.6629178400926,721.2309103495668
215.32994566829356,471.3405500572567
920.9664208066388,893.2477751875421
1254.3176799460043,632.6245949894599
1194.638458951102,325.41998767512916
1507.7016925443468,579.1508006537059
644.1193736480267,418.11441956784773
1567.6078836971722,478.91555768838435
268.4760573991813,133.51949472064487
1099.5875146523963,506.4979778235167
1450.8900179000068,166.14030964443367
657.7741019629921,655.1641967723806
80.16805424366069,89.30016592693669
873.132642284833,239.15629493588233
171.10015397482795,235.52781164717598
1011.4257403757134,473.7396931419445
125.5948168653294,65.53030099564056
1361.0031869099225,578.9150644424352
277.3876131948976,775.6506606108013
34.9590133471386,331.2943131477525
1356.2075792154424,639.2505714797003
454.00384926718294,802.1533450510125
956.9248019887845,778.9439872575834
1428.4693984415735,382.8996696097724
1080.960540380004,490.0286832553173
1511.5763805964643,718.3446685518501
1161.3096007429729,732.6291371637719
1597.055923656257,230.90506692662345
322.18180904722027,672.1045321135929
1232.532017001111,462.85541794050266
779.3213018943419,363.36876343384483
1412.3150886305377,716.6086898777857
935.3561571311607,36.107175921228816
1361.826550816081,412.6083098781192
303.6168451371427,269.4188477575479
1106.135161424619,4.956370492988782
192.07143571215735,272.38827318879027
1419.5061682931469,672.1743955015899
1553.2667610236258,488.72586548733
915.14916412582,496.2391261328471
841.0035420827468,487.8365140085183
1309.7080818031957,858.0318612313137
653.2812309595269,566.9687183421368
492.4150520863803,271.71934781856316
810.1077609560883,527.640892761157
879.9911471904412,878.9217328808984
260.753980311677,572.997971688548
1591.249614050126,662.521757896196
905.4536227732872,331.5268373398576
643.422213572919,842.8707830093267
1432.5287193180727,602.7086601890447
1437.9966269788365,832.6472847240284
1354.1497111894887,345.0745734720504
742.983427905531,716.3167529060383
596.2128476600249,674.4274278508848
770.2726098136333,302.88717485675915
729.8372602883584,104.85851045959969
567.1948092543511,373.67498750563175
29.061722695882786,154.866576438005
416.37287578303733,772.0956252098592
943.3234189290646,258.4304157992194
1596.3627149213694,232.12854001782088
822.0613394651047,665.5678069493057
1106.112864895762,390.1524156504353
1243.1963075872732,437.2146956169444
1144.7441080763458,442.2388870597761
1554.3914962041924,644.5619462624962
146.20357828666198,116.52311373893654
1546.4236754131714,206.30553779862015
41.81767825204137,227.90137335763524
767.6592919195148,856.9517060299003
638.6078435142078,651.1550290040037
1334.9800348639012,80.24581585017904
979.0271276809724,896.205921812245
879.3535496983191,481.0375599540121
554.7240620498036,851.4948560776625
1551.3587823634043,92.85286412439352
884.5341763385276,377.66630687876386
1074.6338575019945,106.78197291205163
424.53486543362635,250.87804094804483
767.5407028808659,713.9545510243388
1372.5560193976773,707.781276053174
1082.890935471914,78.4734821301506
623.5473170732058,601.8314600181849
470.79645016144946,457.0365574074182
1448.12537900308,104.54133335873583
1366.2026462458466,95.24670492276674
618.1830956177231,814.8504632126495
321.9200988665035,468.6683642256899
666.5664523026591,799.1525548818283
1587.303513726182,259.7333049926003
787.9624680717267,805.5046351938117
871.6730822687172,193.16244579732782
1215.4596999115554,303.3803692083299
777.5589955193927,7.705716654647343
1582.3472705993947,591.5541262342836
1481.3005552906982,871.816753878598
428.0538923315856,486.4823785640797
704.4019734843276,683.8696957660715
1347.8170645327405,205.70414481470291
439.303460959645,635.6353925296247
658.6288827459434,117.18138181183144
312.4969411816341,504.764382295485
957.591115277955,864.0644144459584
852.4479250245791,548.0826873960277
238.1676071389208,372.4217261608391
447.6660666483276,625.8805541337828
427.29160179288925,192.96027905406308
588.2950377345884,423.4941506199261
541.4319536228036,545.1589404271922
289.92587017067564,791.9192651099884
1110.6741839780047,481.2868962771191
93.0596411698632,293.40597596491375
1104.1717903026026,580.5578498934758
1299.1266845329783,802.3576892306113
504.58619144615716,444.3576144603361
528.0665769387136,115.13003929353677
224.18734667716916,230.82250060532277
140.8460215957479,484.9429797092403
1124.6759063009144,506.7653339719422
1095.6267966763671,203.62320696513586
319.04695633669814,510.81736381287936
1414.8569501383681,380.0380937373404
6.778630897869675,18.04644420408873
488.4873488212593,553.8368083405481
135.30469826520263,202.0593095731385
1089.1048863607937,886.4927498631215
545.7164915689738,541.0250860965906
829.4877335938994,20.81229991831424
527.7350586297897,125.49706028446943
401.31468652021454,692.9828847121531
1089.924127745726,36.920636238914014
123.80019535803903,652.4362988688093
165.13551831228915,285.3179873828366
430.94020521196086,44.78986207828781
49.87195823571362,125.1313062994602
638.9235660082958,840.3351571265309
1021.405001775053,217.85489756222918
1087.430695638914,246.26987060283537
824.3808256172192,289.64491831553164
1517.8734554316054,317.126268379383
1285.7004855988744,577.0736668389025
1349.3209257829178,545.5443347581568
1392.6159771809555,364.64668498907764
1086.4043066101551,558.5734453263645
844.3739351700019,507.9959800604654
857.2191707360436,354.3936473949677
1437.311020128638,569.4564653367124
878.5969154015055,48.54515075744891
813.6449826940116,157.63205078634124
344.03715011157806,391.151041888032
873.5309126375449,225.37091959230332
433.4950082878308,477.1317059961735
757.1745172270923,362.9587347655407
166.00563222069445,336.12988786524016
1047.0740196403542,489.77904637774975
871.6043419299963,759.4363005758427
1157.0608795565945,616.1303171719649
48.6618592625339,277.3151621292403
1091.859711792602,140.19549836897997
1461.556870690385,127.73388556358664
1406.5943101268258,194.6415210937286
1346.5436077236484,763.406713982249
536.7435379635231,799.7331348293189
255.6284684610912,764.1985626191212
610.775278009536,395.7458411535327
188.5756489837755,540.9047382371813
431.609312239795,600.1913712789078
1279.020710454846,543.3156204059737
13.095695224753179,857.1017146760861
1471.4898683455774,578.6417895504806
607.2101562856268,505.72238898323917
1412.4993097918402,413.5759236464618
1246.7491916650997,538.7030103156296
675.6467613704535,840.1739003742464
653.4894514815069,545.2012100502025
85.2388632200558,423.6874811442626
59.86277635196462,633.7195808263735
0.9443856738528211,37.85901031336648
177.80098423232218,125.61740709393897
812.9253836059917,320.6595599347819
433.44529608400234,885.2612451568363
1454.3998714519034,589.3761055229322
1283.3391484488718,737.7375306764619
392.2775021497614,727.457454499699
383.6985958282998,506.1209049580369
572.3472103118519,142.79327843161587
1242.9670934746089,824.7075008872815
501.9176891135522,791.7862821709329
554.0097505270339,591.7998251557059
1593.2633507056562,694.8636615576219
89.06753798666412,391.38540084244124
602.0852131693866,264.538615781935
1305.8168809561248,396.91817699650414
1118.7844781644333,571.4380230656355
830.3932564779934,50.428099985029185
1076.8563999355022,802.2447769473423
275.51909140388864,578.4699772545268
779.902957611286,306.88612298464477
1136.6827502427357,877.6790695227897
34.66349220581009,807.5751825294847
613.1818250608742,750.4635211660326
279.5382189422199,644.9324317650793
159.51438246195178,302.04914940437106
1551.8538871890125,590.9539544631172
1255.2380165672005,415.1748870960434
753.8671537584049,443.3626300564828
1237.048466958735,650.9248267344543
310.028963470354,396.54395251700396
867.2382726718217,514.2857807833695
1482.8335078532302,755.7724588565031
239.80997815063373,338.5086474802742
174.35600517999106,23.60143875450976
119.33753420531391,164.6689818271805
1225.723485672682,600.4992809283434
1276.5935637348016,259.6530737441968
248.8176245008546,874.8902423094441
1321.6398609368218,852.1038623834363
30.059319310561072,356.892732007684
1014.0771473012264,662.4671221795995
1460.2409866853548,483.9586148109814
625.2678393322261,4.7916158267198306
1286.1811906036658,883.9421337893099
1451.594306932746,596.0416552509922
547.9607422638335,215.23523083665657
1240.0314991040054,841.8864317392624
1536.5217466467434,158.0466407397011
936.564398069062,461.80644180757315
683.8802842576847,714.9606230587516
1497.2518147905116,652.1623393238734
1120.489376831405,621.5530667504706
1045.6907272125427,483.07858459277986
396.66512487129086,701.5293167416173
190.54949959531572,579.4993515574389
619.1797028742473,503.96628741273156
1026.2981511950877,431.03117674947947
1564.9505796250971,215.2737453551598
19.469332943571338,859.7321895759914
499.21235402142213,250.26532076778747
664.8944755399002,535.4700596621725
1577.7833051880007,636.7722171846866
509.3123408627431,481.21944869199416
717.8967951784339,451.42840238466965
668.1731170871242,150.85607639695505
632.7745044057968,350.18018877162456
321.1510717319731,735.2268058850442
575.9854784987494,136.3377521448388
906.9989118515048,760.3590701344727
1248.8977160568015,559.8362384386147
1169.66081095366,302.50311967377604
228.3383281048353,229.5086944628264
558.9658306153104,251.22039399237724
748.4182478602908,134.12909849338266
208.4188575603136,227.4514802047897
314.4059070403543,721.5305635438203
860.090918760616,178.57010058098152
686.7473687661869,784.724009155077
924.1794364356149,498.52282713691477
626.1089171353301,176.2536948495561
1000.648140129388,69.43446649441604
1257.9039176380297,51.772367412109574
1194.1556978867948,344.3662298882654
1091.858293264564,531.9048638434236
206.6810807310139,484.65189108039914
118.66807851152359,217.09648121094386
610.670258276785,257.104051725347
1058.8149633277367,888.1512169350574
570.9784239418291,754.73738804812
360.15894768048787,638.3977989064294
556.3525854602142,481.82699354434095
141.73337834220715,744.617897041452
334.1362202808854,417.10747420572994
464.47326899219377,729.1826580454655
948.1515658264057,553.6664421511376
1207.597702069199,229.40690708550758
93.19707217293356,745.6998363370291
504.96823978307077,731.0440139407814
1530.6230655112665,566.2721234537024
165.26718273780006,768.5884177071098
1013.4849975883899,221.30928538890092
332.5952470807355,456.94918377056763
194.50535669495002,815.4180741841569
1132.5795079728944,737.353963050973
614.1128380400336,830.8721748419166
214.3276311623204,644.6250462570315
407.3664394029134,3.2684642519022478
193.42634449742403,181.3896416688867
1221.3524289454551,340.244963740899
771.2490265965054,552.2236474424699
428.2565955842497,574.5902258977081
1074.5150884461127,829.2322389701873
804.5869139804527,769.7575119838027
1548.4027537547342,692.0058734377384
673.9069390123625,244.78181782795735
156.37100540739564,747.9241322756677
207.36003144564918,503.56160859975415
726.2891501639856,40.36177724309311
342.940430568941,740.6069245719242
861.8553855698792,831.955162455327
1452.758374732515,84.62480134816596
1084.9868982564872,38.392360968612316
676.2665132732792,397.59744904869774
1530.9963723805072,535.7857514306902
304.00097188171674,458.7725762003905
834.9262161320023,177.36712775712218
575.5701620416028,789.7451738078221
1570.3534812586793,699.1796850121641
103.20240665718465,815.2890067295629
733.5350995564435,750.6504353102196
282.8477965745627,132.91618278933083
1450.6596557918936,256.97109641313926
68.88868312028116,450.9433802842191
1584.9095328565465,751.9482553667674
634.079421663105,893.7660728391246
1274.6723116841229,757.8592808186779
1033.7711250936827,354.94319827203344
1449.1355818771306,423.56630016059495
1495.4274660239714,496.97196374003505
1455.7719453783766,429.4407607293358
682.913259322714,529.8140829358396
507.69674533868175,134.45785445358675
942.9319090336137,765.8666297584301
444.4419987901071,778.5192709150639
1259.4063376292283,698.1082724398615
664.2082976223884,898.8808651853453
1265.4051783517648,518.0839167800513
181.61594911739093,516.4339421435773
23.009921323329685,811.9878195139813
538.7156120882461,331.51037749094905
881.4130906398478,573.717624195978
932.3633083601329,436.43269543798505
1014.9683843107382,762.4280347349447
713.9350334940297,450.0714400946647
1296.5550725947028,3.065462636462335
257.13679683038146,292.5269411859371
342.29982073478186,806.408953831966
237.14595543843194,97.09808799310652
507.52154429906045,457.7766789404532
1314.3693728450805,896.0859753733469
1362.9914910766333,547.9538398357947
60.16304148368974,57.11804174478602
1009.1777234869992,737.8940784289332
424.8198479962077,872.2971086006162
880.6196842653261,516.3940795305987
989.7950659213127,67.42277993070196
272.62102251529114,842.573066481632
427.67234341857494,74.9637396160392
451.88630283874556,653.5315631106404
420.49371284069446,189.52350161182318
443.40704347735044,432.37945618037094
1180.0785483377977,271.19066870704046
1397.6153947209614,878.294177975635
1315.2261918028155,67.61289384693985
504.7337095697568,833.2072106483699
1375.0150384446856,119.9279623607286
707.5589515463246,327.5481784280437
1195.9514622365045,25.838678258318517
504.7631432711597,674.8016316252263
1418.9922756791198,36.56371039294199
941.3654887922099,597.2476934379855
1396.6669860585243,382.1214852179115
1556.8794954202754,177.6832059737676
183.62018570234505,117.04095286430592
938.758045509344,110.19644997559787
426.55489991108624,176.67148711732003
88.46986724503569,866.1449395903222
535.8806005365732,867.6141876954309
1157.174424584867,197.79231498429675
1492.0746879029257,8.416798804364333
1570.6477104275414,29.03793117367145
405.3013551078458,496.7614780059523
14.684417606467193,688.2406368749748
135.44670968417608,735.3777129648926
56.16697008431668,475.3419412689419
335.0991540311551,259.88766192435037
784.7750604855245,334.2401794523688
627.1680944496209,588.0874295989469
312.38622181797064,163.35111013631268
1095.0304105646396,267.26657122282336
1492.728299871216,383.6160820148651
758.4337873873393,20.853219468936746
33.048843503418546,94.29105068178748
1001.004953121708,598.0890688135446
1523.516092847848,389.22249037462115
1132.2729060911786,309.24192447216336
118.49909599932661,378.16690337482225
1122.5989283826545,723.8014418252021
1523.173747563142,748.9556412931614
901.7830212167908,495.32938559244565
801.7523033037554,429.8458653686241
1088.7864796922552,518.135665466604
1371.4589210511026,405.06674009077653
753.8798590347296,748.8713707137158
1081.0180284905541,472.00589754707653
901.5144081705032,725.1336407421675
971.8112056220778,233.2353623945023
496.3891388734289,544.1444686177065
73.35694768328018,411.8187242134167
1427.0509762231968,208.92942068864605
710.6496716636135,629.5541288584426
1480.8060447644164,626.6459002319643
1001.3286011795419,345.50546762419765
699.7748500615384,577.7522414930163
570.1118215504957,706.3841583129886
13.104990193895283,676.2758566960424
1187.2748142961248,275.7960523729307
23.937253051732732,304.3428963269375
942.6973089928804,708.252363217086
1392.5859457223594,187.70684558844724
130.77893648911837,107.89750817666707
1582.4772813439,580.8930140707142
205.38375116648632,621.6887307529139
1535.1645637710212,546.6933556400397
372.1153500939204,866.1505734894124
1120.8854042248593,164.68582808953
1225.9486884685268,453.757176360907
918.4687810035718,329.2085094173526
470.0024411441767,378.39291791934914
842.243563807536,415.2987117291577
1386.0250336876395,66.78498570807453
318.3828998531002,843.7547021243442
972.5729112890166,555.7768100252935
1007.5999048299154,219.14562092598655
631.486754171377,189.13357227807148
243.1731786738247,890.5610402623499
1190.102573857072,791.2235254353914
2.3411716540747918,634.023884078026
491.6193061384204,448.11965192697016
1080.4022806452085,28.068197465401155
593.2149104713486,498.50592842477727
1399.0051484250193,461.8862326497233
508.13318418330675,543.3846615282118
933.77908046032,263.05988750875593
876.8827278932362,248.51059084072918
18.068776631211847,279.6529306249965
138.28935192469842,442.70212578378164
801.8382456370318,783.1997390468858
1196.6506081025177,674.4401758619842
1583.4310761322217,238.21017066460865
596.3769410183384,207.50141627184496
163.97890564107573,463.7062189188445
818.1254406340581,116.75243648030977
1476.065624336303,880.6530847836376
109.28933880621958,2.853901722974095
98.87567070652511,658.5573795753255
1364.0342357282545,59.54993553096153
14.339662013954246,484.1519795746869
532.3382113593719,16.86411164974022
14.078790653098139,190.2234332417155
320.1756628306226,265.8268259729411
881.0652079762992,226.24172791773123
373.626484664382,189.6739687942517
1419.201637026923,214.7322019426129
888.5282599991655,407.37006315449025
530.2479306064395,366.0841480476614
25.585991889791693,166.54306169638073
1024.2225062093362,685.3386161205631
349.39171343914256,158.8766431344073
1449.1081453089355,88.00219858375831
1271.776703761328,790.2467143075783
234.07812193416274,749.6769532476189
240.09070671723035,38.79626745618936
457.97345592718716,309.890936706067
943.2643185766508,398.269583882439
1269.5312765575402,598.2901980474666
190.71036645709574,182.13101810693988
1193.8606825871793,104.34162600845907
1524.21658976409,730.4039289668542
351.7385356235042,257.50027107181876
403.3998552227963,380.55964621921845
397.8234258006902,29.03670781509201
402.82749849514107,175.31887287787234
559.8786992697445,408.8382824361497
1398.8995423602921,593.6003735700655
984.7715661817688,778.0761168227939
618.4535156414338,383.4845083844754
391.19216003433996,747.1818621487283
1403.7771146739133,819.7460477110646
967.8824025288908,102.45441806126674
115.62987295289773,717.7810556660082
1416.745665990339,479.0419956552262
1473.2278820462843,837.6955993587842
1207.601724047562,333.4901203835836
730.1471038385419,316.69566917644175
633.679770923881,424.1838288315666
27.376596573455814,114.61018303174299
268.82505777135816,510.1336450433848
1394.5749825063838,640.2562316816541
239.19224938071918,411.9155398041399
1003.6867159871725,121.67193550618954
127.50216499155957,550.8344913161899
376.68539709988346,580.5516644097225
274.4689736042311,770.3146474492479
495.5845126779405,385.5229216711026
879.9460095555996,797.7131642752262
1466.2038815906474,760.3131841139951
1095.225540588411,62.26900902835043
298.8631067226077,481.14585154858065
1576.2040382250923,653.5318602585518
306.6617923912064,320.3974892335994
1539.9437590370558,456.9713960659032
1392.5091547405968,772.1955959959497
1250.8258998823464,564.3374460132942
1065.3495475593636,307.86937988379395
192.66429167549734,853.7047396444158
52.208506787531306,243.79646403138986
982.2335447264107,868.4385524579476
336.2686164662714,222.27256114757043
1356.6527164507447,294.35944785923834
644.7284846823436,323.7661629557203
79.12546672526624,847.6397347560601
1116.3685985619513,6.1433127209653
155.4310080507287,121.90872803690614
590.2188003797312,801.2898217133089
225.3754396721293,205.26885962379797
498.30983368640796,459.624962943318
1441.7434917642454,485.5115059036064
1445.6871731683864,487.73432754233517
691.3986070479888,784.3172266738252
929.3364109009508,427.4792892082979
819.9218256970355,320.0669771128924
692.9621673162341,66.74272976242618
328.3461836450014,686.696873069344
213.73502936971073,187.42363988667367
261.7497621264075,326.5936096426304
78.86106709657987,324.2964914010031
975.5110888162022,610.177000809314
1387.7549554277684,78.3699124837339
1030.116565894933,176.68271095643743
547.8801508546205,517.6164151896813
1340.7252172895844,603.5477402517981
1576.478253954554,16.153109042451774
505.7443963247831,432.32660663789795
57.92894245690938,47.13533645825629
586.835652589287,503.24262242431166
216.8240366958555,61.47530198139275
510.13831692076724,667.3700201509013
907.4767669408345,897.1238961846079
968.1667365759674,801.3561763266986
916.6224847984136,432.8280575886097
664.8725134262177,64.3416697968869
100.68984021224416,592.566192755276
1374.676505600813,17.14339919967921
288.36270461640174,294.7204776347655
500.9094984829206,750.7766815700904
403.8393005058048,275.59219492161475
780.1346351618766,855.7265193073898
471.22392847961675,570.3339365251736
77.75901694066133,388.2960996594924
1483.5409356709772,195.66441364945604
570.3385802286368,588.7302789620973
904.8663198250662,518.4283908693054
973.6843378055675,607.847880982879
516.2622707225843,316.5445587422039
635.2098984344053,470.1033291967035
907.2026693390089,786.5688523131678
633.3378312862313,404.3229135501708
1332.2471079962093,873.9674428705207
388.63290593331783,657.3871647994665
396.1789975046088,667.008284952262
61.643773548060565,456.4156191386802
911.9659123928291,629.6322471986275
1467.2488989878032,715.585752974409
900.9287203339438,447.45728193152917
21.162001919832818,497.39910402905736
899.559102424598,667.8916596284613
264.6368812725868,529.7953518913683
82.5321536150426,653.3097090682048
1314.5734590638313,393.9985417853648
1100.297577916132,596.0794969796209
485.75768293527517,79.42060751971275
1212.7963050801882,321.3690487720711
258.20211332625433,397.98601893634117
1332.7057486184444,858.7678181205902
907.7419678831134,872.8707486941227
277.4797149749258,441.37568869039575
13.403482150443757,210.56986895197616
1402.4965358905495,53.454302994138445
1047.088326972976,458.58715390810386
1580.123202804573,894.2366735587086
197.34576123731048,235.86619961627306
1586.2698813594357,296.94956033285746
288.7657619171856,820.5954735530967
987.5550333292651,277.3420230360906
887.0185817074479,384.6663536225497
732.7758730703499,496.91167682398304
271.64497995288673,554.0431458991392
1528.2699740984376,532.8358200072768
1259.9994684067924,254.28225700654252
247.35321619773688,5.794649810242203
1570.1102058943052,107.15595620048575
608.0237592842007,589.2509211713065
1175.3592870105622,556.3193313680904
703.3002787757748,733.4403960398886
707.7756567450642,751.7733394040049
86.43974167313448,649.8094044371334
155.67703888706052,348.80450609011683
709.419958557649,163.78838589436162
718.3173957105187,767.6049533055121
58.25255617087084,174.5262373400438
1560.9848092844938,404.96973722770923
623.577169069412,821.3822499954721
1241.3968772428823,156.17088122447862
956.6177043114285,162.36435688824997
1241.1528590626965,500.7894788272843
1277.743669411375,58.43473283847642
1484.80997741324,206.82995469192548
1359.6502103686364,397.43774460082545
1422.1606701145965,91.47765971342905
86.06918748812032,421.45946063383485
1488.7492824718902,418.7825359266123
811.9549524310706,147.7727879667817
865.6519873832116,384.4866215817447
1420.6624104209707,666.85611509148
764.4202292624212,134.05941044953192
233.52778375088405,874.1234430931022
977.625527304375,202.4752766517572
1297.563528818025,194.50947194038775
726.3907509994144,789.4584830118833
165.44433473541832,92.65647070619062
84.13268868451347,136.53316267149813
599.2506094006361,289.4809614409416
448.19605824981215,12.746483450947343
779.3888058273606,400.8329985403188
1185.2773393675448,272.7865418732431
929.8986600275593,281.83148849227587
1204.7914181902108,156.7310086659224
782.9609773125361,401.20031936467075
733.9821828065025,484.3021013665701
857.8208961318472,284.7129396735936
1318.572360208827,856.337812611235
894.4120637754663,571.9463669279926
1157.831461207548,287.8270216742703
947.6647353060886,416.3318819623733
775.0917874695464,354.72445444293623
858.0147136172473,196.32127917911689
385.6368605680304,180.14466667894186
951.1809341129202,220.79641555596606
1249.0073957555626,814.7708412832558
1215.5630357448802,295.4531310332952
1508.2169059480696,309.8548764256182
578.5047125845413,535.7508718431395
1057.0830806832055,367.9547748580365
1258.6654651438532,768.1728466881652
461.77152284491603,202.14207606155
635.904133265808,628.7474069455307
1071.7160555559005,158.06454202193538
621.916468755285,811.6730732584873
1535.847930314054,543.8025944328022
1248.188312239794,755.8231175313722
355.50865213757953,59.29313928324509
978.1736888915503,346.22244449992695
1137.2039898783041,264.3110259336904
694.3397760862746,727.4620057340298
149.19637213444935,367.05771503442764
245.18640174151346,480.25264078205026
1172.4331476446675,888.4685476232967
1205.5483024160858,129.8256780060488
699.2097893422413,487.97016132003637
1020.4178207439004,630.7582599717296
1557.2912845276494,847.9866157772879
333.69715444972917,142.54563710294258
1552.0509187918053,144.46876621050635
1549.1612332665243,107.85342453286539
935.9207692398596,116.8945475530594
214.07856762027038,300.4503022583554
1269.9914065910482,632.0376680260864
507.63793700536263,123.37933494640313
573.8026711841694,156.73597159739617
376.0298930768375,447.2552793711539
781.9572810442909,830.3509822953074
143.61522356951627,479.6020889430937
903.6970138050473,128.49292746287276
576.8235052683158,124.08333608539385
1429.8279969723783,313.687703645679
103.76279811421583,427.65776236986216
846.4593584749937,798.5018259086422
1150.5378871070266,185.52395641999087
1453.3636426583894,4.552001880269884
1115.5100501063923,37.94200748409461
1311.4962878105046,170.45827928699103
1275.6557000385533,732.0770712413932
1234.37315055156,99.13496062411932
640.4501596910395,94.31774393354794
1149.8078814795767,894.6554811228392
836.3665903806366,586.7681610183347
1067.2914300039595,128.44538009209504
594.338603592525,314.00716780979553
1200.9966538394249,370.2475152356838
588.8748164866485,494.0982113076885
329.5063280539386,58.76287542538965
380.8027653689409,18.7627912829213
1071.1388754078378,411.0849410746173
986.6395049188624,510.97749461111937
86.70550790210055,733.5681784036875
1310.1958337697451,6.82767733849875
688.296495133204,707.1517754393525
664.7134558295361,773.8082163939158
1112.325951714723,594.5667634675052
1449.226741966366,701.0615118418013
935.9464972911644,42.571133044986844
727.1566167977583,619.8647724659197
837.0578451640341,526.2628738139503
558.9640988973097,757.0726646162188
392.70152611343525,575.5852044529513
698.8055104117636,133.86502731348574
30.523089950367854,116.92773130099079
461.1443164915279,425.1284701682006
42.82395223476403,60.42313333741567
1274.2565987063588,882.2110305030709
689.6130811197344,422.80927739806293
964.311379209865,87.18195941926203
861.8943196301981,606.6161940702278
1510.8360099026047,578.8499589400215
871.8426102579922,369.1097543955879
1458.9155435303921,471.0147681972105
764.1453126970639,660.39730523157
700.5838288878045,60.52731342325589
946.9317866676373,779.4126952281964
590.9015429539257,86.5578980700938
169.13974145677565,815.6990705155051
177.74409877833045,588.7813406570868
140.01162056435862,461.13253152858204
1457.9085465053745,211.02439077432805
491.79671391928554,550.2236638638675
917.559950697635,504.43397215312706
627.257175779549,36.80485414826732
952.3758414862218,249.08987073620838
992.6783380309669,394.0978504493873
429.78898178629146,896.2100981349104
514.6199199496765,873.9430297483187
764.3359117702637,480.61382881747005
430.2115382394616,156.43096767845807
1129.8339419122717,409.98930235306534
936.2697910059227,164.33447591125406
815.9458157239774,592.8175140769825
1215.6126495247609,599.892613465411
662.0615242560369,616.7218715247811
954.9944567494011,429.6639321506826
1008.481779345086,275.72548102883127
101.0675906318207,133.05204767139918
1556.351480738528,803.4379281417886
1323.254243846053,233.25567737893468
1342.1639717735497,710.6030589773216
865.9368619831156,272.6873034587846
170.93062999059683,898.0089435291954
1598.039036454172,765.8196176155424
713.2058199603914,656.676667278703
1456.7919412343222,487.7893770796119
200.20460737936202,878.6422536758877
860.3735947788064,692.6639239624559
996.0191227234671,58.296731907984935
739.1473207868119,10.777656599391216
425.44004589163274,865.3822805859456
1106.3371899325257,509.12260831368235
179.26979181622346,616.716458574077
968.712456461898,573.7164462071827
1101.335341606452,835.1064130562806
715.7816301764417,549.9020632246114
847.6174872367599,530.1214179873571
1086.948991342588,169.16754061470962
88.87319108411748,104.69833110060628
68.33574911705026,499.5845934510632
488.17436400641475,706.1820155416945
259.0393249191081,135.16430560603018
1384.9707748570072,80.7040583590875
564.6145093226788,621.0450578952932
900.3413609898748,240.13818392957702
215.514496396934,519.9690150549656
396.9923266119519,770.4816291958782
423.764563284575,839.7876262105586
34.81700935207854,549.8266962810079
451.74444727251705,427.1513102927959
698.4271745742666,728.1920407794902
296.41937273485223,691.020282440366
54.47497285599869,573.0653418820647
1317.8773016622206,386.46847946963675
1358.5229088608864,319.30451725913565
567.9623187975853,819.7541410728594
1584.6359035837502,710.2674022569632
367.1340204449144,848.1259171173772
584.8573692680206,780.8973632887665
515.0066949624797,195.87631446981564
412.3325127958051,621.8396961857086
1567.29584580184,468.8572931535165
171.5153751087323,616.2463840770885
1437.6901975838553,703.3675629701021
2.939396764839053,280.9673170466507
1242.442569649528,631.210384980214
1593.7293526841286,808.3667627550047
1277.1555797195763,620.5940631997233
608.8785369714348,31.503763860131095
1229.0635750597992,411.3552121949943
1384.0005043066378,118.60136321517923
1371.449118771718,580.8904058425068
1417.8033625607138,631.1508958215803
697.8475713837577,464.41912204440683
157.37152396243454,218.23712842547113
919.9071659557944,160.00307162717715
573.5807026247004,578.8607571139507
951.5953497232149,804.4428010447534
693.126707080951,498.2797017293466
674.9497871063078,679.3864713716714
1001.0901737128664,850.8147968492584
226.36760980808253,114.48322575230655
467.96693073075613,554.629496388466
1021.6447841570243,181.4098629235693
434.2657384727371,535.8825451139427
423.0073274221752,746.9003058259417
170.5522099236216,704.3573003196151
244.8484845306126,642.7812083371051
1251.3635785543229,849.0786150469957
1443.3212122602672,22.037522534823395
1057.6621381430568,819.3768947374377
1232.446281561298,408.76233904381445
1200.437582668314,255.68199101906788
1284.9341164191978,365.7070132695581
1553.4479186586782,25.101436160824132
932.3402848098153,116.95164738318114
1225.8220739374333,873.4520208256533
787.1417260358833,757.1954488337286
372.82294642198315,25.328806328691478
1285.1748354655585,369.4897319424688
134.46746170350696,605.4799924470714
1441.7783791338593,75.40871921362407
977.2669200846833,312.85108098738976
67.90900311892204,65.89855510737313
72.55308132995673,276.03360205136545
492.6120172830421,483.7068745757056
993.1831402489378,765.3923838898934
1369.9694486699823,154.01851608844498
1004.2385024451315,788.9929680050035
399.8536744991275,542.7083701596218
1581.2403589284095,570.9492653239703
1122.42616674535,279.7092047405014
1588.0275643590721,748.3063920041478
516.4166416403159,271.61707825235015
7.677694042624594,433.0364244241365
1397.458298891183,706.4224355457762
236.08484235161563,217.51007121017784
257.9766879616836,233.67227508750534
324.1214530197619,148.4926621098934
885.0874419806544,822.8228674510918
1367.3727969892323,559.1964912907578
505.911974740909,817.5119320661621
337.640931109539,34.81327221653376
345.6087875452159,711.0577479106572
1121.0921275197213,279.72086440553403
351.70610811012057,573.5306468658667
818.4292433694052,714.6867132673398
713.3494178831228,75.08056284265834
112.72641209743045,207.81270718451717
837.7265031763189,643.2700227589768
889.803128938402,8.79684493589582
1524.7346540404674,412.3449600445456
864.5499004090844,172.98827926792478
389.42264685381343,192.76120563675315
970.3258907100135,817.8099831731387
422.58651161809945,314.5081128113105
459.9852806034715,26.17581775063792
16.803176723362157,702.8765191842265
1564.0322380220953,38.15054212253969
123.05961031521306,406.93911683261405
486.76424162771747,221.97006721567547
1391.6315091975894,173.76038005287552
311.4829854542132,815.4301183082771
997.0900010609492,617.4381911444709
1069.3779227027965,23.210009159174295
1564.7062150077627,25.88776650676309
363.8507465202407,427.69548189324246
1340.186530734682,854.5062744978338
14.14572267497256,124.5488588246361
25.563619986391295,123.41162404631636
1462.0069930156226,76.23456616483284
862.659660112438,175.35799338336898
12.659603879284731,251.74027172273264
414.3032191608185,488.5111931481348
1398.0287480834506,477.08157059352976
853.2437260801917,251.0508483622735
287.91029166889837,431.36047502236426
630.3587810171312,811.5457196234858
333.2342806565704,23.071661334175786
82.67431075840949,285.4400875440469
350.18285892791374,357.207785820732
1408.4217716268017,655.352107072219
949.4282302232683,748.7465623939514
1406.516454038627,58.44270451677789
1102.6233915617336,117.99788847440249
657.2180217018424,350.650626345485
434.55714692899346,39.94314294935843
310.8831441904856,635.7292103935688
1531.7183649488554,818.6126289227016
36.605047375924116,512.6123155657953
305.1441494921571,468.7845607579886
853.7260757330885,146.1465836085466
140.68823112171492,432.37987271124126
84.18490478850202,756.9513653391513
1421.8793783513775,13.371282338149227
1281.3828122488178,754.8241425426811
63.59129796165508,528.4423722854139
759.810208746319,157.69669001991252
1310.0766565573601,509.6738094223842
1299.7471530506268,841.605413682919
1551.807068159599,596.3581239007984
1396.5875890724628,57.103258478539566
540.638524366527,427.35533970796547
819.5387203749921,330.8137922690661
1307.1790439849894,524.0923913066576
1354.5993799152836,398.7655448456133
1506.8336892614232,320.27313968271335
1589.1269660266626,509.69096724652235
603.5634863643793,558.5656544475177
170.0107596024095,618.1909060554456
959.7437218429798,724.6717237685134
121.11239464005178,377.53680339286495
937.9825174108582,54.746963682701875
1220.1895887887706,810.3711299531775
1001.1101323127846,687.7451326931608
1511.0816506650094,409.1925793590327
819.044948712734,799.3716806298719
1082.823753798902,249.0239214772783
943.0598679063751,690.6560112053268
1350.689117133261,116.81479301043011
267.3796228151371,618.7159983846816
1145.568471464793,656.5881119593581
782.825252412354,345.3610787163
1536.6739094407178,229.26634258311586
458.82424425795705,22.322721846021608
135.138098294893,562.7393973099844
1060.3311202659552,197.01856720633035
1184.1406355023882,153.3930823947978
595.153849111487,573.0699608643748
1243.7324996436023,407.5454851922895
1293.3734617007692,424.8463287810243
1062.256930427552,750.1572206057253
900.3089486213506,506.273516826541
1492.6749190140515,30.623954186482404
29.98798225821755,32.75765956837059
497.495271877308,483.8520827116396
988.6117305458473,613.2479600880469
27.26225202945347,786.4957899426876
380.05262431696616,870.6820018869166
553.3324210050074,760.3033321218403
1140.265370105102,20.622093203875025
819.3009876987652,354.3356503380851
1589.4155762113535,208.77975056456754
632.0231084919512,156.8089081961155
7.501249959266509,484.55735172871204
992.1289864372463,146.30223761776807
1340.0424292391112,199.90252206877557
1499.7702867658393,606.0615455151551
1554.0160770253578,394.0954496709397
1341.4240961144849,544.7034549628643
1143.95137283322,369.4758702709905
818.2118108994309,244.68187837605652
539.1984053226312,832.9932355994034
125.27883616086655,748.9480179437709
1199.9597718637779,145.8013475507806
688.9077086493232,751.7670652939411
814.109227389323,457.02523332661787
806.0478403923735,154.7281909024519
1585.1450730918439,673.5087017206891
456.91513965063797,312.58548306363275
1132.213299950131,783.1057865754224
882.3974177427672,257.71954518649835
574.1330688259948,490.23468964383414
1418.138560253475,633.5329113751134
360.869851884028,18.05433010305466
1051.9073614177512,236.9718770541311
1402.6145147063528,144.40709753016932
1594.0769287348417,720.6863919579392
403.7812887507563,14.138910497845615
1313.1742535057936,99.46395604050059
243.30159560356623,345.9258448415019
276.12687430574783,85.3311234831247
878.729602450662,589.3016816785289
1256.509304344459,52.1084229968377
82.06958209616957,425.1111380775556
1186.72079612772,187.07918614282843
952.7897290925036,99.47886321679067
1437.8449597176757,786.1869807838667
1498.167212650357,350.16660661276677
132.18677317186012,735.7809130334911
706.2182850960044,314.5437374033519
683.8173440857819,638.2638477871565
1164.9084299256438,392.2481948761944
426.4554999665622,135.76873221477976
84.55075419351168,865.9956069030651
1547.6454779681046,60.549008608430256
948.8162850510614,875.8312671343369
921.4313733899452,873.5990379705936
232.49535279423287,647.4059561117127
1346.0514619966411,103.12967954823084
326.9386109979109,851.9991385491485
373.03252647482236,554.8722704848302
1458.817525223368,640.1833254499998
1236.8859553731706,269.1424895415845
1359.2747419983384,124.47199733604623
639.9285486429017,440.24251487677355
1126.2695763121155,30.67856042833058
120.31902103859409,331.3106769614658
249.0419413265709,818.7001485868394
709.862882019954,530.3195286204693
681.8261217670992,773.3380124282604
1480.9382734533265,810.3038214639789
129.80658521887136,549.8067479530214
1243.1379334837088,825.7837315120936
889.8515789849162,422.9267407427312
281.86938870947705,7.345766265895392
38.52601269904117,250.71618985248034
1152.4867112704083,362.03165607346966
866.9901431947387,244.2033136514643
1557.2785956854952,828.3153870195199
422.43080802917416,345.869014279004
168.61750731237527,355.76238644885325
386.2591394326481,653.9629367045571
500.33229749686666,617.2982852405981
42.47973715580837,636.0930654458945
1019.7269207997105,261.36973061042943
1233.6683947781576,777.7671883822899
1449.2481591330013,625.035787811655
702.5874175692804,526.3320208268623
1219.2573968485342,284.1825390435613
1413.3893219119798,708.0062609376872
1110.9400742624432,683.1023816658325
81.90593223305811,731.6981480659888
714.6067959582801,617.8240457271063
1041.1368262451729,381.18224416348176
1177.2071495447392,771.9437748856495
1591.1043272144123,15.7563620087244
1463.8609520710243,697.5590445200756
953.0386496598159,686.0253406687219
557.182111448983,364.05206368074386
64.96994666060783,835.5633277151327
1291.7018924417634,464.7841060983983
980.1703144423634,741.5051689804528
265.90332732862623,513.2434004712592
1156.9141780579007,524.496630801579
1562.7649497462312,230.68347846758851
1086.9576935162524,701.1838174885597
625.272304285643,846.2297464464742
659.2385758558572,131.81448870595375
272.62353245301176,353.80951776843034
1579.1261783356103,823.4246194403752
1439.3665309777857,596.8567312735986
805.3284036464347,578.1065946159553
968.277926305708,859.2553314146861
628.6834867059916,352.6438358445251
1166.759157580389,723.4013375911011
1182.920781262749,143.62840919237098
1013.7234084133954,241.95128865089893
438.67005258608333,229.9035807620448
14.112317207592007,107.63342566923684
1074.8886695365159,716.3268317109886
170.98496518088862,852.0280490533253
745.3241734606438,704.2123825392512
66.43986969988819,71.9388380457031
1303.2723895512563,86.86463799365742
59.909970510421395,591.8063663142777
70.11387648882241,373.4478647402521
1304.2266887045785,102.6400323585342
1348.2004379972147,819.1092256499481
1560.0970124490195,552.7299706765409
1314.1437557159531,143.30865429843212
918.5960827987882,787.8525092131143
1384.84632902874,154.4360184449519
1325.9477091401607,358.2457724516039
819.9639176294764,717.5260723276942
1069.2055484220402,293.3791874133163
1369.5443519409034,837.6940188264057
1293.6771840037054,44.81714413003574
24.27850733008796,517.9377009579616
159.08177436101968,78.40940505707447
1393.9364512293985,42.81652322353342
449.87201152731143,274.49386814419114
1492.0673802157621,852.056075501817
1255.3276092342671,412.7706799276109
187.57467046266072,867.4267014897307
357.55250818910616,577.0463213244957
1245.5700412467313,458.7360922346603
1416.8055861613018,845.0231374926091
585.6585010507033,638.4585462636212
151.04556075618322,387.826480943157
1075.4777569212872,247.30591477793504
597.1677691027348,683.5202369077014
337.6554647504351,830.0997999193685
225.39109657057193,200.67391951498885
983.031618683757,207.064012715211
1343.9333138762895,322.94547317203063
203.58996878152934,602.1327652684146
683.9001524453071,561.5152835547268
179.0987998286102,47.715435733121126
472.53495118010613,463.6399603398585
318.51283284431685,187.39138771935035
1337.8538934668532,217.8389537225037
555.2291662266663,784.1662690144088
1596.6406761667286,695.0164575586258
224.8477748361191,688.2239575339029
144.68905349316276,719.5664171073694
441.617299317763,197.32233284117666
681.8171072609201,127.98596250455819
1066.9895582153188,740.8162628577292
1066.1790722756093,717.6843940823164
258.0292369771124,245.2890226924909
1339.8368084826268,293.87348378158066
1195.1044231871215,510.19446163879434
238.9335993651539,199.19847869525307
1477.244514014149,811.7369353973723
953.5378996846968,14.350618479910771
26.846383921313866,843.9645622212082
1277.8491637055165,628.0827610254235
415.30413201753083,817.8156152895938
116.90302403146421,619.2280123542345
1101.1087773551262,333.2834651877418
1300.3389926703185,170.60285057861668
1539.5558953828545,839.606452383644
542.4886294981696,296.8017743218201
1271.8256880090732,308.75196978142816
941.6559671080469,622.003185984481
1512.3864579502892,678.5875190283025
441.3744184159702,317.9344494042157
120.05947743733981,723.8905141576703
1351.5106491718493,200.73251017497046
755.220781336706,311.52015548621745
452.5059547067572,26.33572590025307
951.5434805287715,855.4373171061278
273.6795499589533,678.7737220733858
1236.831651702382,481.919550861158
1356.8863188489192,380.9740242259751
993.8932061739669,61.21698437017873
244.35130037026164,528.3286585426497
1347.5546349600659,426.73216315308076
1493.748645708334,444.37744683762094
656.2231650027838,705.2584400908589
1473.033215582641,810.8903023798129
1055.2182137108334,193.45456429206496
494.0807219565722,501.76038966173866
57.89438319871714,268.9180766321857
1260.7447759965198,225.98859400229853
1037.109369209899,273.48815968921997
213.38875813967687,300.11139116620296
513.8760234224876,250.1037130933041
496.94858196294723,826.7422592269548
919.605246718296,447.49510041716485
422.68564891435466,260.8036766709018
1278.908621024886,300.6175203378206
238.460925327516,348.5378726825192
1077.3641162148995,846.6627157599197
1332.75568352314,445.3956846054504
269.589017569341,797.4629271419475
63.3084785073768,524.5545088140161
1554.444491036212,285.2753523438247
836.6452902033669,274.92860359057
664.8367499731537,97.92891934681023
988.1542757290614,631.2734573449886
206.76069165957801,9.367657526934615
386.2931802858919,318.8897175134004
695.2824942774384,641.13072243894
832.5108180483753,29.407272498523753
30.442686709076305,399.218440975699
269.5539104051278,727.3835814947456
1193.5584101799402,723.7390816449791
986.9680145968523,188.50844477776556
1267.373030529635,260.3655067576253
263.9304762356753,35.00432630997145
624.6072753737908,859.4837076015574
1094.6794022011654,593.9867675327465
607.9961095794201,392.5374268661293
1455.384100077981,899.0352243646059
533.7893774424034,529.0860564874483
779.0794682495992,182.85081253608217
818.1749424249394,80.03733383803687
1273.858578614418,364.1676275389427
1046.8947074334744,702.251209689058
376.71672722269636,852.9131490840124
1579.1116470075667,436.79090425551277
115.55956366598714,575.55743215331
1085.61959737802,196.35216541649726
1244.7309851831972,253.72311941769615
416.1126349077561,76.77018092413981
990.364280374434,680.3997457322098
1110.8853988016347,274.9276719265537
475.6822560910624,48.52795026822167
280.8697321009834,228.9788059437772
334.07861144655976,37.930429768963805
638.7994474272915,8.940678167723393
805.2421605240239,2.4599526376281045
610.664920090249,87.12771930643805
259.1153692939107,627.1343989664903
116.19670599494256,702.385124052502
1088.6857101619548,576.7358604030707
849.2425032468374,649.9570058356319
352.50168945409916,365.5284919878337
28.585739990656123,3.805930725874318
665.1139946530202,555.1929639144823
1544.7732183035182,755.015392290031
85.41057991318048,825.6428480274718
633.2790333406914,372.95998462883574
254.68718078231217,82.41819180793671
723.0946724417606,489.96769265083725
1363.4822328800353,598.1421003127595
306.8933189749366,536.2478474543722
1313.2589863372132,222.6662747860416
467.9373814996415,232.0006251633457
1555.4327334467198,132.41340846538526
1011.9212539907741,325.5067409616207
1159.7349795761736,450.2518838406606
350.26466575619713,773.7155189390886
859.3581397746011,19.765024593810875
349.74285692776715,151.852805647134
515.310266252096,146.52273944179467
1032.3861126044642,547.6431317420498
620.6138999670745,231.76370777973597
1016.3499505676258,337.96504838470577
1228.7639264227282,777.5567303482843
1151.344174111666,845.211826956952
482.17242897838906,766.0213353477119
649.119374498927,772.1288056703529
987.8670119999767,257.9296739646182
448.4332656876248,771.3132123487558
773.294706556508,137.3936608928072
928.1502170155816,127.34775283017903
97.89029445944718,234.19174975019078
1240.0444328025233,187.36015490036155
1381.5576113165894,36.23491556937288
539.3619161076538,3.8483451804747326
1100.7450184637519,553.6330494720805
1255.0474814347513,734.0428760981648
1452.4485401078095,381.27469553653145
586.6070262522193,547.7068576826579
777.526399614216,174.2193912540446
692.0873148676717,352.42141232126556
1422.244812203928,72.80881822807845
1162.9193205961558,635.3956304747232
1462.3474045437515,511.5911661570614
1128.5016224623755,110.79119708944336
1397.8154584934302,46.74304046009604
972.8540444501713,101.41601933985885
366.70561860832134,618.8220138099011
613.8524433719965,617.5186255557009
352.1647527141528,86.2597392749502
554.9913444894283,455.1681905650919
1295.6581445911559,779.7442596409223
605.4520324563914,848.4063180968503
901.1970992156237,165.80785165458997
805.8316731265945,611.8827553464682
1220.7828537386101,107.55011920870905
1556.0473197009362,501.29734137478147
7.8469439974615085,256.91648236463
1331.5086151911262,48.976056573456525
498.89287539157044,610.5831171069594
203.88913234913667,646.1431536134976
943.0835058454861,241.58834806651188
1296.575667032446,65.65692879804614
309.3397727279571,687.9595364972864
963.2488538831429,194.93381681559492
628.127521766072,763.4690131336441
276.9887042430259,57.99823569537818
797.612383875596,183.51944361241544
1092.0697707133058,220.0728551296373
302.85653603234425,552.4113247620711
1535.3726046959675,493.4895734010314
1545.9601410062735,892.4314818735078
1202.5181752974904,516.670052896677
595.4723952964226,70.98146542850621
845.2448639723473,161.36139028493773
907.1127828324853,390.1908480012144
890.9035553608669,518.1334982755982
896.0411217299413,834.780600022848
886.247701514123,105.77956300653922
1415.0446586070937,667.41676096438
588.3593943585336,399.3832335453439
899.5850437934026,352.5822244532881
1071.4479514029206,898.2981127877695
83.72602183580523,825.772246300357
1584.0702577506074,776.6822528626292
741.3870234670618,596.9256277974157
746.6563293091174,335.89302388476034
249.97408935265037,180.8822653568826
763.5787431711924,253.95113109069982
332.886089408167,548.1283299501562
452.2750747896664,749.0790568152581
140.91511554906793,204.2769906058057
679.0667833334516,192.7775211919808
1339.1852533899105,442.97765303547754
98.68814200962194,183.60608273990104
1117.813659351228,278.085762800674
479.0351822536964,189.6814993455809
19.97939347177855,682.4639201985264
520.9353973833089,219.59415959378126
168.41092310694617,454.8498633942681
1182.0344136021806,852.3693334060213
1492.2290305409144,15.522228650496805
793.5534230147933,436.76081994132824
878.7731749782081,383.86337776402166
1484.1122108151667,534.5379888972722
697.4924253128881,866.4809786808299
828.619110565123,7.308258889672114
1003.2639985464392,868.5794223750364
1045.0342164483732,179.75873561491105
1341.2246145673175,32.181592868778964
1355.3066362289733,121.38460572665947
1345.8983385933257,160.6303193187516
234.18042830901857,226.46492864395364
806.3594982861432,623.0329855054973
819.8880210332213,63.864232799226315
1515.3428481041203,754.7117951180088
586.5996147458961,33.879079497106524
654.963853604211,866.7714501390967
1526.2241744718044,151.9540489691977
315.35244619993534,879.1490748585184
541.7279200844816,626.4386279047944
1486.3133606605682,743.231621051396
1286.9311663172073,551.3944783582241
1292.409056495199,211.70624631181008
1446.5955723141058,191.74128065578515
197.22217284911886,692.6979028651239
1586.2550140646845,683.1080699935756
997.0484890387635,80.08324291160889
845.3119593917339,160.6796183474843
865.2020583205973,368.78361440491983
224.44182418051994,489.61145310861934
1266.33971855558,643.3099613999477
224.29978036474233,842.702749376682
1491.1683529121678,322.8300162165858
1564.4624680020763,171.45056801748166
640.433424277501,756.864062124689
137.48986552394254,354.8945302463143
15.694252075136106,190.41527231034382
569.68986242363,750.6188009998968
1000.4927159247106,85.38654447187741
1274.437711738643,683.0890556036022
490.7093250774558,155.96112213478753
1175.7833476766098,843.8136062515144
350.8004158063253,296.97316900404644
531.8646456221242,870.2702614429887
81.53427790850839,16.732791338316577
291.121132386885,416.16756313920564
1545.3945125760533,33.061734880074255
1276.21285430962,472.8797250461452
1424.3496688785838,867.5092627051092
1148.6644105967903,224.9151207047848
1456.6416128215785,10.677050180925518
1580.712565800374,371.97517911103904
431.95436964517154,794.7098640080523
797.5445632819631,347.1728578190568
488.3966170826508,377.294169934195
397.11467301147997,466.1491015934634
697.5608416440714,237.58416033800697
9.324536393115501,136.3890810304166
1249.8161491746291,637.7448729241836
1477.9530637121868,134.22982915597294
1482.410990926706,798.5379397537566
560.1307162949547,859.0506251019384
1574.107658012098,761.0612528229898
891.0682755005105,783.9590251088895
246.9515441907893,119.47366566145638
222.15959562299048,625.2755109870749
1536.2290421745897,174.88324058456868
218.9631653783989,796.8562202123411
1405.0689949568587,114.47899265423499
53.48513836789124,250.41519105129183
436.8233841949305,6.674535638656787
232.57070422822216,751.6343393012979
102.01501605857305,410.57357227703824
1146.4105061628618,642.6727723915128
495.06382566232077,120.30754426517352
681.7358226251176,324.00881577584283
716.676072476112,263.1374776074862
760.3012464718805,876.9427071664218
12.76699675924231,206.942247045715
1358.528471626193,449.5288435646914
1254.2693377439393,71.23641769961525
1583.8419134999197,2.2577224581247224
1257.9466061297715,220.9059306921539
1138.7297677047145,724.2425545838051
1175.1895382016248,859.3323629319015
355.9820961183309,766.918503940823
988.2795843696028,165.00054486437904
349.10490705395637,81.52213467016792
1444.022726033356,297.34033041550776
555.0644408005475,109.7973453926072
1284.943638986293,500.6022684849038
327.487925631497,715.7054625759953
858.2519346234317,713.4073473403311
1129.3676028587797,388.21569468426964
570.1932423479894,803.5373713713261
289.74711439589134,91.46782918899966
1373.9303134051806,618.6753465744713
1481.2452494297283,549.588288898277
1598.8299066553457,388.2565557718165
101.45747742283984,599.3641575463892
402.71191988325387,352.8468612990124
589.3910715767639,293.732762242176
826.6016438081803,538.7719361943688
113.11586129914363,803.9142032748632
556.2192145197944,663.5318029485245
554.5405232105674,107.43904339272783
526.8570424162982,202.74442402984792
486.61261094655544,601.347747122018
1085.6426374904975,172.35912867122462
1128.4893811818963,554.432103348062
259.69065241414137,522.0541408587002
91.11784691287816,594.5522509524936
425.17362401576924,530.4435595905414
1500.3528020345948,635.6994999666572
893.1242281459324,512.8873669915562
396.4996806463093,421.6716512133744
87.32187915911354,443.56531221136896
1549.1022152884238,452.744954545648
1190.6371280601309,812.4461202331989
905.4855875624289,116.85341087359919
1584.191390235117,458.01281936352854
684.7806154106058,56.39143013688713
1157.171701200453,762.2067043597527
851.3386788448561,166.6003171787306
1130.0382996085184,170.58066812681477
555.3215889647478,214.94623376868128
843.0452290348815,584.6976091689551
893.3343340752048,148.69208415297297
375.5654096697233,197.6813320024707
816.684300097157,867.3170622518716
1049.0171927855147,773.4757989187549
144.4043850727839,22.23706266324409
871.3639767936078,206.63772690820804
532.1257470518532,657.8793669045813
150.0302345256717,790.5958792215001
660.1967615556678,534.434718511184
67.91319308879463,55.9253511469321
1077.2518927845801,34.0398457491325
1018.6916746433733,280.2503201117975
480.3533038500182,859.9707243378544
1380.9820102417052,276.1271939701646
615.9130511578281,265.18180895649374
191.84362393667823,858.0659130104445
1041.3744093338687,643.0328637001796
678.3750900460288,187.70995297102638
1009.2746258905075,221.06561826401457
1461.5303047999937,850.4669904068853
1548.7490694623,193.35913969623832
473.71539218086195,776.1366636945846
744.1407405901698,502.46409264078824
1142.2120393447199,189.3784584553775
740.536968427633,75.17274812240369
49.354327604647885,871.5298620669653
1155.3183793222383,559.6897654565648
327.7583923372058,265.73885108014605
1471.3938643258666,894.5036989930902
1028.0668330991075,831.0987219150736
631.531743705399,759.4072928042189
1164.7439892653865,199.20175762475807
1474.716216250304,12.68432262058231
429.38820688886193,444.1366836848175
1500.9152156711143,316.84544666930884
175.1059722089126,650.2575250253924
1072.0217078947715,107.91584471357383
1102.5841646970168,349.25243551659344
673.7586267195775,846.5945344860016
1331.7250153538491,879.5069894571188
1123.3749471098306,347.8685444786887
597.6836863233734,127.54578977701273
108.75352496111236,460.5742919505134
255.6018119448872,523.939669865839
339.40610599068447,452.472309687636
1436.8977513577927,418.7979473884517
1479.3468273884762,270.86256539795477
215.6129601124098,636.5840442930422
693.9286826934014,601.7842747768686
925.9315770275158,392.1556393846736
581.2676054968117,196.07600190397832
1586.1319574147383,182.98539967599334
737.8113815447307,803.1500959875367
1306.0706170966548,884.3970985585986
997.4818875242224,256.0879509839648
1388.8622336845128,59.24205854573008
1507.7533283857888,402.9538856406162
1091.176732506697,804.6566580125815
830.2167414753101,738.3596703487547
1341.8536570895667,458.13378478432986
1457.8854599025033,223.429400023658
251.21945445931343,637.2838288624725
1318.6794906633977,370.59388502824515
48.33875505783496,386.36475472361155
360.5711595535434,64.7185860301812
264.38358388809763,541.9928003437752
607.183406297754,717.0506062391795
351.82502617998546,543.4339624056306
429.349017237735,255.43581690767195
239.69311857420675,667.8312561503491
450.68674968135394,603.5144714326943
1101.5952279412002,498.74875363010915
1059.439036192476,613.7064690427958
155.7831155791378,695.30492684987
829.3892799311467,733.0740257333981
177.46586711267938,51.7655299813513
1034.5004596497058,276.52286836804075
1575.9638666318351,275.6184125071477
721.8865755973205,309.7304482458728
894.1386416862192,191.35390920278337
1536.57778202583,246.45874613426037
1471.1894069543655,886.3720481127511
541.1614007399183,735.1410141648751
1434.2827045373317,32.06297990549616
1553.290678639047,345.33327960053117
542.3220733712601,723.0548085564826
267.8766047115095,24.585769911213674
1549.0975649988266,15.86974255042839
1020.5932571020959,512.0080524742498
672.5666110432476,743.5549856536478
1306.047436834284,21.873218766009117
988.9650405550601,772.6634938822018
622.5741518283706,112.05168803150522
918.7528558909978,14.83451882421215
613.9278303310773,449.35891091804046
343.65514938636306,526.9055376145777
1324.3099857537977,424.84197155622
867.6722445392974,170.36984623840385
13.40726765540623,424.703721133802
400.8796743432146,568.1665388013491
160.94450254661598,407.2752840536303
826.1374866382208,705.356759457366
83.25859188124821,800.2997724811917
246.23933923514568,826.4374227512033
1298.8633248350975,801.2622322850382
1480.7729625484926,74.49717827709033
578.8136972284374,533.2075122399655
529.9560284606118,594.2365817036233
1392.4920194403262,183.16400753031058
508.2630534012736,784.0859312150191
528.6387893083978,73.43947431266764
1195.0699423851086,263.89914230473903
933.3754414661943,59.23514099133048
904.0612871795076,732.5470592839899
711.2903044955054,327.6706998871493
1231.44744202437,472.61784820825153
759.9423862562281,156.90784494034514
1086.1564985923073,746.0834885259991
0.5386134999975312,277.63296186547916
1042.5848321847461,135.01139273259164
1373.5239240524672,120.94179484393761
390.2332773195276,411.7016077889061
220.85110050191528,815.0219621953553
810.3180116183912,350.61820413845453
977.0746068846959,672.6567378765819
870.7796330022568,581.6641453921226
1090.3793893706597,392.53848957666384
448.1999454197879,112.84480246274101
1060.343553993649,340.2170846733561
1525.4229537599115,246.91179431227062
1252.1919863281112,396.13472667173704
248.21354033341424,351.2850686765389
1004.2697191135499,606.0257617803735
556.0226405627773,203.325200827123
249.7974549019691,533.4758952055719
1087.7632328136208,810.9520472508877
783.5607044258229,297.7116229964259
1277.9571366466191,571.6147020640184
1160.277901625688,58.01587696559781
1317.3261239278288,354.0530377079524
1073.0785827704794,65.8148316052124
0.35472936756910656,27.044945952043708
120.0721242097865,78.58751632043716
1378.0236975085393,493.54612101895077
98.36714516150877,898.9338343730301
689.1812960829435,613.752268632389
1059.7264635919669,319.8752327277825
1321.1063824433263,870.2794286805387
655.6341419237539,318.8992433529599
676.3913685169834,748.5409297062579
803.4756889679336,91.41258671701641
16.424607092219112,594.979720937915
237.1340084998268,690.0716671035958
959.5575179220046,189.994055640839
109.0743287498082,602.7216748308775
256.37028760225286,882.7188886624762
821.9744208300581,294.3522470435674
1286.6496324053614,555.9069846947122
1053.8428343576595,710.0409495681663
723.7639791052859,39.48517634928855
255.0173492961255,892.1416306641981
998.3343281238601,21.42647698629274
236.7143899461027,96.00707821661385
410.4190204698606,588.7751405853483
1483.6292368039199,514.5754593996543
798.5052727681468,829.897597951087
209.4525728893231,808.8363358910042
1028.5139899679598,212.36663566327638
1228.3424696820584,157.42680146682696
947.110338412846,414.103962708221
171.8773961476117,843.4682528237322
312.94521770116523,329.0384865292963
1018.8939234091088,243.10644518016923
151.58020354086065,270.3152724267324
602.8490880225935,726.2154286199369
872.0621005978602,830.0266472336497
222.93482181685675,744.2906852186994
1577.294761345087,884.8541431759286
478.98765233984426,90.3974428370669
1222.4694157684492,396.0399252149312
1024.0063637893422,88.0048269578458
1542.5176002028302,355.8210464498388
1544.8709683618151,6.9221234954749296
470.1919399983874,422.4123636029187
590.4725811498942,188.3880647235221
1568.4635623839406,493.3164207139289
1498.8051795906754,467.07984927279296
1257.9182926937365,577.655763207453
220.46607056456116,628.4373805546629
1196.1984777277592,645.1650338485994
786.1391809923896,43.77673060496684
1328.188396870551,871.7236654970524
106.771107861225,38.35176148503597
691.0993138679704,663.2675242894351
718.9915828914944,736.4455626485112
1408.2411367548937,535.9930408848238
986.0817867941752,579.5788951527248
593.7620286848883,183.22517787761055
1456.5321645915747,233.58656329857178
1322.4785796503788,466.2841385772182
1183.0212248355429,708.7116039140801
1412.9926969418,754.505417346857
524.1586935889165,750.9024381988389
1390.6547634343224,577.7419559727773
317.564772856184,886.5768898017468
1278.2527427003893,345.78179773277554
484.8171947380447,733.1488518274067
1055.4378363989895,336.975802321322
1450.9629277309732,890.9757817200295
1085.6781588933993,748.3772540443442
954.5809778862362,274.4549264253131
1277.700002979874,630.2169405142793
1409.566021141964,313.1375406369324
1501.898528986118,625.3508464189557
1200.7450984673983,758.2356411368744
728.2089564724888,755.2162194041704
1425.5890740437844,873.8222584385919
959.0494674588288,55.55380637871963
386.246850153621,177.54717234427264
224.88143142182207,340.7624875068323
940.2555984514921,890.699151275768
131.6388134623299,861.5539861291987
875.1740271497724,720.9369455677019
1324.6910878843064,318.25979246990977
1124.4409486304273,669.5758007782186
526.4513489190374,832.1741516643337
1411.1114494160322,9.895714665189404
1367.2925247464725,348.1620577835772
1531.859436909787,52.611943352350075
1348.5277624286023,460.4418026789435
